"","FirstName","LastName","Country","Email","Phone"
"1","Frank","Harris","USA","fharris@google.com","+1 (650) 253-0000"
"2","Jack","Smith","USA","jacksmith@microsoft.com","+1 (425) 882-8080"
"3","Michelle","Brooks","USA","michelleb@aol.com","+1 (212) 221-3546"
"4","Tim","Goyer","USA","tgoyer@apple.com","+1 (408) 996-1010"
"5","Dan","Miller","USA","dmiller@comcast.com","+1 (650) 644-3358"
"6","Kathy","Chase","USA","kachase@hotmail.com","+1 (775) 223-7665"
"7","Heather","Leacock","USA","hleacock@gmail.com","+1 (407) 999-7788"
"8","John","Gordon","USA","johngordon22@yahoo.com","+1 (617) 522-1333"
"9","Frank","Ralston","USA","fralston@gmail.com","+1 (312) 332-3232"
"10","Victor","Stevens","USA","vstevens@yahoo.com","+1 (608) 257-0597"
"11","Richard","Cunningham","USA","ricunningham@hotmail.com","+1 (817) 924-7272"
"12","Patrick","Gray","USA","patrick.gray@aol.com","+1 (520) 622-4200"
"13","Julia","Barnett","USA","jubarnett@gmail.com","+1 (801) 531-7272"
